{
    "rotation": [
        [
            0.6779658881386376,
            0.36710544191706074,
            -0.6368640742224889
        ],
        [
            -0.731563083203419,
            0.42175677037955495,
            -0.5356647103673294
        ],
        [
            0.07195630489606929,
            0.8290686468284076,
            0.554497492358457
        ]
    ],
    "translation": [
        -5.734070594900062,
        1.9511115634635927,
        0.45659168712796033
    ]
}