{
    "rotation": [
        [
            0.8864721456196664,
            -0.27286476989547226,
            -0.373780620672547
        ],
        [
            0.33974113898717473,
            0.9321392945486372,
            0.12526888695149227
        ],
        [
            0.314234138056579,
            -0.23803603279390065,
            0.9190189081686944
        ]
    ],
    "translation": [
        0.5771632258222188,
        -0.16265223981081114,
        0.028392221436680076
    ]
}