{
    "rotation": [
        [
            0.8163990590701509,
            -0.5685697243147985,
            0.10109918368595594
        ],
        [
            0.3708170114080086,
            0.6503378063825225,
            0.6629898050799883
        ],
        [
            -0.442704552043239,
            -0.5037749558901894,
            0.7417704991559265
        ]
    ],
    "translation": [
        3.792423739439032,
        9.652797626114861,
        -2.225209856858209
    ]
}