{
    "rotation": [
        [
            0.9905427892648453,
            0.031825212004439926,
            0.1334621239014767
        ],
        [
            0.025807385118218576,
            -0.998581109986114,
            0.04658052868163635
        ],
        [
            0.13475519102721284,
            -0.0426956983755184,
            -0.9899586434954979
        ]
    ],
    "translation": [
        -4.353748768032297,
        0.9639870150866512,
        68.51614843891784
    ]
}